Country,Date,DailyRevenue,UniqueCustomers,Transactions,TotalQuantity
Australia,2010-12-01,358.25,1,1,107
Australia,2010-12-08,258.9,1,1,214
Australia,2010-12-14,-27.75,1,1,-13
Australia,2010-12-17,415.7,1,1,146
Australia,2011-01-06,7154.38,2,2,4802
Australia,2011-01-10,81.6,1,1,96
Australia,2011-01-11,462.5,1,1,238
Australia,2011-01-14,177.00000000000003,1,1,60
Australia,2011-01-17,431.3,1,1,204
Australia,2011-01-19,238.5,1,1,113
Australia,2011-01-20,87.75,1,1,21
Australia,2011-01-28,384.68,1,1,110
Australia,2011-02-07,192.0,2,4,58
Australia,2011-02-15,14022.92,1,1,8384
Australia,2011-02-27,412.55,1,1,217
Australia,2011-03-03,16558.14,1,2,10162
Australia,2011-03-09,210.9,1,1,90
Australia,2011-03-24,286.25,1,1,77
Australia,2011-04-01,350.0,1,1,1
Australia,2011-04-04,-13.2,1,1,-8
Australia,2011-04-08,421.6,1,1,224
Australia,2011-04-28,-425.0,1,1,-100
Australia,2011-05-12,475.16,1,1,184
Australia,2011-05-17,11924.800000000001,1,1,8268
Australia,2011-05-20,766.3599999999999,1,1,396
Australia,2011-05-23,472.09,1,1,231
Australia,2011-05-31,-9.899999999999999,1,1,-6
Australia,2011-06-02,-23.0,1,1,-8
Australia,2011-06-15,23426.81,1,2,15241
Australia,2011-06-30,1760.96,1,2,740
Australia,2011-07-13,2796.36,1,2,4332
Australia,2011-07-14,902.09,1,1,429
Australia,2011-07-19,483.02000000000004,2,3,174
Australia,2011-07-24,505.46,1,1,214
Australia,2011-07-26,80.63999999999999,1,2,36
Australia,2011-08-12,608.76,1,1,374
Australia,2011-08-18,21880.44,1,1,12196
Australia,2011-09-01,2941.7200000000003,1,2,2836
Australia,2011-09-05,147.7,1,1,82
Australia,2011-09-16,519.89,1,1,317
Australia,2011-09-25,825.9200000000001,1,1,478
Australia,2011-09-28,596.5,2,4,330
Australia,2011-10-05,16471.77,1,2,7135
Australia,2011-10-06,678.76,1,2,266
Australia,2011-11-02,450.24,1,2,96
Australia,2011-11-03,375.24,1,1,408
Australia,2011-11-04,338.71000000000004,2,2,347
Australia,2011-11-15,5355.4,1,2,3130
Australia,2011-11-24,286.4,1,1,224
Belgium,2010-12-03,346.1,1,1,528
Belgium,2010-12-17,625.16,2,2,285
Belgium,2010-12-21,237.93,1,1,188
Belgium,2010-12-22,600.72,1,1,754
Belgium,2011-01-05,-2.95,1,1,-1
Belgium,2011-01-06,-31.949999999999996,1,1,-5
Belgium,2011-01-12,651.16,1,1,590
Belgium,2011-01-19,-11.25,1,1,-3
Belgium,2011-01-20,225.6,1,1,94
Belgium,2011-01-25,323.44,1,1,108
Belgium,2011-02-03,213.89999999999998,1,1,21
Belgium,2011-02-09,84.3,1,1,11
Belgium,2011-02-11,231.51,1,1,262
Belgium,2011-02-17,1119.2,2,2,508
Belgium,2011-02-18,-14.850000000000001,1,1,-3
Belgium,2011-02-21,192.31,1,1,194
Belgium,2011-02-24,-4.9,1,1,-2
Belgium,2011-02-25,189.9,1,1,91
Belgium,2011-02-28,149.95,1,1,15
Belgium,2011-03-01,559.12,1,1,171
Belgium,2011-03-03,410.0,1,1,126
Belgium,2011-03-10,-18.4,1,1,-7
Belgium,2011-03-14,357.07,1,1,91
Belgium,2011-03-20,226.3,1,1,215
Belgium,2011-03-21,347.35,1,1,139
Belgium,2011-03-23,614.55,2,2,685
Belgium,2011-03-24,837.59,1,2,356
Belgium,2011-04-07,240.88,2,2,243
Belgium,2011-04-08,-14.850000000000001,1,1,-3
Belgium,2011-04-10,476.49,1,1,190
Belgium,2011-04-12,344.57,1,2,187
Belgium,2011-04-15,142.16,1,1,77
Belgium,2011-04-18,269.66,1,1,204
Belgium,2011-04-28,495.24,1,1,275
Belgium,2011-05-05,149.97,1,1,72
Belgium,2011-05-06,381.08,1,1,182
Belgium,2011-05-10,480.90000000000003,1,1,494
Belgium,2011-05-12,181.82,1,1,83
Belgium,2011-05-17,297.38,1,1,168
Belgium,2011-05-23,514.8199999999999,2,3,179
Belgium,2011-05-24,-5.4,1,1,-4
Belgium,2011-05-27,726.43,1,1,651
Belgium,2011-06-01,84.92,1,1,57
Belgium,2011-06-05,1296.1200000000001,2,2,524
Belgium,2011-06-07,607.5500000000001,1,1,293
Belgium,2011-06-08,99.45,1,1,20
Belgium,2011-06-09,130.08,1,1,145
Belgium,2011-06-17,992.02,2,2,598
Belgium,2011-06-22,459.84,1,1,211
Belgium,2011-06-23,440.94,1,1,294
Belgium,2011-06-29,-1.65,1,1,-1
Belgium,2011-06-30,163.9,1,1,103
Belgium,2011-07-06,719.06,1,1,522
Belgium,2011-07-07,301.81,2,2,143
Belgium,2011-07-13,45.599999999999994,1,1,13
Belgium,2011-07-27,1214.81,1,1,704
Belgium,2011-07-28,192.34,1,1,296
Belgium,2011-08-02,777.95,1,1,267
Belgium,2011-08-04,355.56,1,1,190
Belgium,2011-08-11,469.25,1,1,340
Belgium,2011-08-12,209.62,1,1,175
Belgium,2011-08-19,771.97,3,3,582
Belgium,2011-08-25,752.79,2,2,358
Belgium,2011-08-31,198.98,1,1,149
Belgium,2011-09-02,632.0799999999999,2,2,298
Belgium,2011-09-09,1087.7,1,1,372
Belgium,2011-09-19,392.40000000000003,1,1,196
Belgium,2011-09-21,549.84,1,1,353
Belgium,2011-09-22,705.8100000000001,2,2,471
Belgium,2011-09-28,829.99,1,1,267
Belgium,2011-10-04,346.68,1,1,118
Belgium,2011-10-10,332.68,1,1,196
Belgium,2011-10-11,355.8,1,1,162
Belgium,2011-10-13,1491.59,1,1,1290
Belgium,2011-10-14,450.86,1,1,229
Belgium,2011-10-17,358.99,1,1,199
Belgium,2011-10-21,300.76,1,1,179
Belgium,2011-10-24,-34.0,2,2,-14
Belgium,2011-10-26,786.95,1,1,213
Belgium,2011-10-28,499.15999999999997,1,1,168
Belgium,2011-10-30,299.06,1,1,268
Belgium,2011-10-31,462.85,1,1,148
Belgium,2011-11-04,1673.03,2,2,769
Belgium,2011-11-07,739.5,1,2,364
Belgium,2011-11-08,506.55,1,2,246
Belgium,2011-11-10,-19.95,1,1,-1
Belgium,2011-11-17,1492.31,2,2,534
Belgium,2011-11-18,1040.39,1,1,315
Belgium,2011-11-20,265.83,1,1,125
Belgium,2011-11-22,301.25,1,1,185
Belgium,2011-11-24,-2.55,1,1,-1
Belgium,2011-11-28,-48.85,1,1,-7
Belgium,2011-11-29,281.9,1,1,21
Belgium,2011-12-02,302.02,2,2,498
Belgium,2011-12-06,898.77,2,2,396
Belgium,2011-12-09,208.64000000000001,1,1,203
EIRE,2010-12-01,555.38,1,2,243
EIRE,2010-12-02,15.0,2,2,4
EIRE,2010-12-03,2576.85,2,3,2575
EIRE,2010-12-06,1182.5,1,3,614
EIRE,2010-12-09,945.55,1,1,287
EIRE,2010-12-10,1156.05,1,1,379
EIRE,2010-12-16,486.56000000000006,1,2,328
EIRE,2010-12-17,1424.12,1,2,701
EIRE,2010-12-19,411.1,1,1,155
EIRE,2010-12-20,-760.3100000000001,1,2,-363
EIRE,2010-12-21,762.3000000000001,1,1,354
EIRE,2010-12-23,274.85,1,2,104
EIRE,2011-01-05,-232.67000000000002,1,1,-102
EIRE,2011-01-09,258.0,1,1,85
EIRE,2011-01-10,-15.0,0,1,-4
EIRE,2011-01-14,16774.72,1,1,6198
EIRE,2011-01-18,465.58,1,1,287
EIRE,2011-01-20,2756.84,1,1,1332
EIRE,2011-01-24,282.44,1,1,47
EIRE,2011-01-26,802.56,1,1,690
EIRE,2011-01-27,564.05,1,1,155
EIRE,2011-02-01,797.77,1,1,463
EIRE,2011-02-02,15.0,0,1,4
EIRE,2011-02-03,788.06,1,1,270
EIRE,2011-02-04,229.6,1,1,75
EIRE,2011-02-08,-25.8,1,1,-4
EIRE,2011-02-14,3120.71,1,2,1502
EIRE,2011-02-15,4362.5,1,2,2402
EIRE,2011-02-17,281.12,1,1,87
EIRE,2011-02-18,162.7,1,1,61
EIRE,2011-02-21,1011.08,0,2,472
EIRE,2011-02-23,1480.2,1,1,668
EIRE,2011-02-25,-2548.8,1,1,-672
EIRE,2011-03-01,2541.15,1,1,669
EIRE,2011-03-03,-10.2,0,1,-12
EIRE,2011-03-04,1185.49,1,2,857
EIRE,2011-03-10,6162.0199999999995,1,4,3416
EIRE,2011-03-11,0.0,1,4,0
EIRE,2011-03-14,1825.25,1,3,936
EIRE,2011-03-15,3389.6,3,3,1174
EIRE,2011-03-17,376.83,2,2,416
EIRE,2011-03-18,743.71,1,1,265
EIRE,2011-03-20,197.8,1,1,73
EIRE,2011-03-24,415.45,1,1,114
EIRE,2011-03-25,750.37,1,1,533
EIRE,2011-03-27,-24.79,1,1,-3
EIRE,2011-03-28,539.0,1,1,745
EIRE,2011-03-29,523.15,0,1,334
EIRE,2011-03-31,168.4,1,1,45
EIRE,2011-04-01,1407.19,1,1,713
EIRE,2011-04-04,2448.12,2,2,1239
EIRE,2011-04-06,955.99,1,1,655
EIRE,2011-04-07,583.41,1,2,390
EIRE,2011-04-11,998.53,1,2,590
EIRE,2011-04-17,446.74,1,1,151
EIRE,2011-04-19,367.62,1,1,234
EIRE,2011-04-27,362.9,1,1,163
EIRE,2011-05-03,1164.21,1,2,532
EIRE,2011-05-05,356.91,1,2,192
EIRE,2011-05-06,3869.18,1,1,1694
EIRE,2011-05-08,862.53,1,1,446
EIRE,2011-05-10,810.45,0,3,349
EIRE,2011-05-15,603.78,1,1,139
EIRE,2011-05-16,4615.36,3,4,2274
EIRE,2011-05-17,1164.76,1,3,412
EIRE,2011-05-18,1414.36,1,1,636
EIRE,2011-05-19,1203.8,1,2,397
EIRE,2011-05-20,380.32,1,1,226
EIRE,2011-05-23,1007.75,1,1,401
EIRE,2011-05-24,-20.3,1,1,-5
EIRE,2011-05-26,488.24,1,4,309
EIRE,2011-06-01,-7.5,1,1,-1
EIRE,2011-06-06,958.12,1,1,404
EIRE,2011-06-07,254.31,1,1,192
EIRE,2011-06-08,3351.32,1,2,2582
EIRE,2011-06-09,984.27,1,2,507
EIRE,2011-06-13,821.32,1,1,427
EIRE,2011-06-15,4483.58,1,2,3026
EIRE,2011-06-16,1012.86,1,1,268
EIRE,2011-06-17,626.13,1,1,356
EIRE,2011-06-19,303.3,1,1,84
EIRE,2011-06-20,0.0,0,3,0
EIRE,2011-06-21,-967.44,1,3,-516
EIRE,2011-06-22,1019.1999999999999,2,2,590
EIRE,2011-06-23,366.6,1,4,186
EIRE,2011-06-24,1542.51,1,5,876
EIRE,2011-06-27,816.32,1,2,393
EIRE,2011-06-29,3738.9900000000002,2,3,2566
EIRE,2011-06-30,756.36,1,1,394
EIRE,2011-07-01,1794.18,3,3,798
EIRE,2011-07-04,1170.8,0,3,537
EIRE,2011-07-05,205.60000000000002,1,1,21
EIRE,2011-07-08,-12.75,1,1,-1
EIRE,2011-07-14,1796.17,2,3,864
EIRE,2011-07-18,1077.53,1,2,1377
EIRE,2011-07-19,13566.39,2,5,7238
EIRE,2011-07-21,1338.29,1,3,645
EIRE,2011-07-26,384.47,1,2,246
EIRE,2011-07-27,764.51,1,2,657
EIRE,2011-07-28,5406.15,1,3,2799
EIRE,2011-07-29,728.94,1,1,286
EIRE,2011-07-31,14520.369999999999,2,2,6656
EIRE,2011-08-04,-6.927791673660977e-14,1,2,0
EIRE,2011-08-05,1572.73,1,1,744
EIRE,2011-08-08,820.0600000000001,1,2,601
EIRE,2011-08-10,131.8699999999999,1,2,390
EIRE,2011-08-11,1672.4,1,2,1427
EIRE,2011-08-12,2165.63,1,2,1045
EIRE,2011-08-14,-434.51,1,1,-1
EIRE,2011-08-15,467.42,1,1,580
EIRE,2011-08-16,-63.94,1,1,-15
EIRE,2011-08-17,2198.04,1,3,843
EIRE,2011-08-18,49.93000000000001,1,2,-5
EIRE,2011-08-19,989.49,1,1,644
EIRE,2011-08-21,458.9,1,1,148
EIRE,2011-08-23,809.52,1,3,734
EIRE,2011-08-26,1452.16,1,2,849
EIRE,2011-08-30,-132.23,1,2,-87
EIRE,2011-09-01,3880.56,1,2,2184
EIRE,2011-09-02,749.13,1,1,163
EIRE,2011-09-04,629.04,1,1,1272
EIRE,2011-09-05,8343.86,1,4,5391
EIRE,2011-09-06,4234.1900000000005,1,2,1285
EIRE,2011-09-07,3415.29,2,4,1877
EIRE,2011-09-08,2091.06,0,2,950
EIRE,2011-09-09,-89.65,1,2,-15
EIRE,2011-09-14,744.91,1,3,726
EIRE,2011-09-15,678.83,1,3,309
EIRE,2011-09-19,644.33,1,2,165
EIRE,2011-09-20,1755.69,1,3,943
EIRE,2011-09-21,381.22,1,1,94
EIRE,2011-09-22,1254.42,1,3,808
EIRE,2011-09-23,3498.75,1,3,1958
EIRE,2011-09-26,1156.14,1,2,480
EIRE,2011-09-27,772.95,1,2,199
EIRE,2011-09-28,2334.4900000000002,1,6,1026
EIRE,2011-09-30,6163.84,2,5,3100
EIRE,2011-10-06,421.3,1,1,229
EIRE,2011-10-07,904.14,1,1,448
EIRE,2011-10-10,3160.78,2,4,1000
EIRE,2011-10-11,1575.79,1,3,2206
EIRE,2011-10-12,1422.76,2,7,816
EIRE,2011-10-14,406.84,1,1,353
EIRE,2011-10-17,5449.12,2,7,2621
EIRE,2011-10-18,1512.17,2,2,625
EIRE,2011-10-19,1588.75,1,1,711
EIRE,2011-10-20,3566.45,1,3,4932
EIRE,2011-10-21,1680.03,2,2,901
EIRE,2011-10-24,618.82,2,2,189
EIRE,2011-10-27,-97.89999999999999,1,1,-12
EIRE,2011-10-30,501.65999999999997,1,1,185
EIRE,2011-10-31,596.9100000000001,1,1,392
EIRE,2011-11-01,2047.05,1,2,894
EIRE,2011-11-02,-16.75,1,1,-2
EIRE,2011-11-04,-100.36000000000001,1,2,-28
EIRE,2011-11-07,1157.33,2,4,768
EIRE,2011-11-08,-37.09,2,3,-15
EIRE,2011-11-09,810.14,1,2,578
EIRE,2011-11-10,1003.03,1,1,496
EIRE,2011-11-11,2506.77,2,3,1252
EIRE,2011-11-13,4454.44,1,4,2643
EIRE,2011-11-14,348.21000000000004,1,1,206
EIRE,2011-11-15,2246.31,2,5,1206
EIRE,2011-11-16,4906.29,2,3,3082
EIRE,2011-11-17,1602.42,1,2,631
EIRE,2011-11-18,683.01,2,3,263
EIRE,2011-11-20,917.54,1,1,440
EIRE,2011-11-21,900.6,1,2,626
EIRE,2011-11-22,2032.32,1,4,1474
EIRE,2011-11-23,147.48000000000002,2,2,51
EIRE,2011-11-24,207.14000000000001,1,1,143
EIRE,2011-11-25,293.78999999999996,1,1,92
EIRE,2011-11-27,829.91,1,1,225
EIRE,2011-11-28,1878.83,1,2,945
EIRE,2011-11-30,1594.64,2,3,587
EIRE,2011-12-01,1021.07,1,5,562
EIRE,2011-12-04,773.54,1,1,534
EIRE,2011-12-05,587.4,1,2,219
EIRE,2011-12-07,3856.89,1,3,1998
EIRE,2011-12-08,1084.14,1,1,806
France,2010-12-01,855.86,1,1,449
France,2010-12-03,425.38,2,2,239
France,2010-12-05,1526.92,1,1,611
France,2010-12-07,1448.98,2,2,752
France,2010-12-08,173.55,1,1,121
France,2010-12-09,1832.58,4,5,1012
France,2010-12-10,1071.9,1,1,418
France,2010-12-15,195.89,1,1,134
France,2010-12-16,-8.850000000000001,1,3,-3
France,2010-12-17,350.28000000000003,2,2,398
France,2010-12-20,1371.19,2,2,733
France,2010-12-21,221.28,1,2,26
France,2010-12-22,110.39999999999999,1,1,88
France,2011-01-05,1369.28,4,4,733
France,2011-01-06,745.02,2,3,440
France,2011-01-07,1065.09,2,2,596
France,2011-01-09,114.0,1,1,78
France,2011-01-10,1238.06,1,1,635
France,2011-01-11,1512.6399999999999,4,4,988
France,2011-01-12,1405.68,4,4,681
France,2011-01-14,1790.43,3,3,1072
France,2011-01-17,732.14,1,1,268
France,2011-01-19,752.75,1,1,386
France,2011-01-20,1472.88,2,2,704
France,2011-01-21,-5.45,1,1,-3
France,2011-01-23,514.5,1,1,126
France,2011-01-24,190.2,1,1,84
France,2011-01-25,3.450000000000003,3,3,-15
France,2011-01-27,-14.65,1,1,-9
France,2011-01-28,1079.83,3,3,574
France,2011-01-31,3537.2200000000003,3,3,1817
France,2011-02-01,510.84999999999997,1,1,200
France,2011-02-02,641.39,2,2,368
France,2011-02-04,1236.73,1,1,617
France,2011-02-08,201.86,1,1,216
France,2011-02-09,455.02,1,1,301
France,2011-02-10,321.56,1,1,454
France,2011-02-14,-6.3,1,1,-15
France,2011-02-15,237.6,2,2,97
France,2011-02-16,901.66,1,2,776
France,2011-02-17,250.0,1,1,116
France,2011-02-18,964.4,2,3,756
France,2011-02-21,746.82,2,2,334
France,2011-02-22,-24.55,2,2,-10
France,2011-02-23,439.76,1,2,362
France,2011-02-27,110.6,1,1,71
France,2011-02-28,1451.51,4,4,658
France,2011-03-01,1146.26,2,2,580
France,2011-03-03,573.16,1,2,342
France,2011-03-04,317.25,1,1,125
France,2011-03-07,-20.4,1,1,-24
France,2011-03-08,-37.25,1,1,-15
France,2011-03-11,712.8499999999999,1,1,325
France,2011-03-13,343.29,1,1,185
France,2011-03-14,479.40000000000003,1,1,187
France,2011-03-15,550.54,2,2,305
France,2011-03-16,262.8,2,2,160
France,2011-03-20,316.02,1,1,423
France,2011-03-21,205.87,1,2,90
France,2011-03-22,523.98,1,1,201
France,2011-03-23,1891.28,3,4,1233
France,2011-03-25,357.90999999999997,1,1,264
France,2011-03-27,164.05,1,1,61
France,2011-03-28,1136.3,1,1,848
France,2011-03-31,5593.59,2,3,3349
France,2011-04-01,382.8,3,3,327
France,2011-04-04,719.55,2,2,298
France,2011-04-05,0.0,1,2,0
France,2011-04-07,366.2,1,1,239
France,2011-04-11,-38.25,1,1,-3
France,2011-04-14,615.2,1,2,284
France,2011-04-17,630.22,2,2,402
France,2011-04-18,-86.0,1,1,-61
France,2011-04-20,541.2,1,1,200
France,2011-04-21,706.55,2,2,301
France,2011-04-26,160.54000000000002,1,1,84
France,2011-04-27,-11.9,1,1,-2
France,2011-04-28,209.10000000000002,1,1,147
France,2011-05-03,1823.34,3,6,1046
France,2011-05-05,236.0,1,1,100
France,2011-05-08,1056.43,1,2,777
France,2011-05-09,537.9,3,3,495
France,2011-05-10,489.1,1,1,460
France,2011-05-11,3018.73,2,2,1593
France,2011-05-12,296.53,1,1,106
France,2011-05-13,1000.51,3,3,505
France,2011-05-15,151.4,1,1,141
France,2011-05-16,756.62,3,3,283
France,2011-05-17,793.62,1,1,479
France,2011-05-18,869.53,3,3,334
France,2011-05-19,914.51,2,2,562
France,2011-05-20,1100.55,2,2,470
France,2011-05-22,910.71,2,2,298
France,2011-05-23,421.96,1,1,306
France,2011-05-24,393.34,1,1,210
France,2011-05-25,1280.82,3,3,742
France,2011-05-26,630.5,2,2,514
France,2011-05-27,403.09000000000003,1,1,157
France,2011-05-31,441.89,2,2,202
France,2011-06-05,3442.5099999999998,3,3,1909
France,2011-06-06,371.45,1,1,115
France,2011-06-08,1311.74,3,5,1128
France,2011-06-09,1030.59,2,2,787
France,2011-06-10,480.0,1,1,164
France,2011-06-12,360.18,1,1,716
France,2011-06-13,2399.62,3,3,904
France,2011-06-15,1856.11,3,5,1007
France,2011-06-16,510.27,1,1,270
France,2011-06-17,1319.3799999999999,2,2,490
France,2011-06-19,125.46000000000001,1,1,63
France,2011-06-20,734.5600000000001,2,2,262
France,2011-06-21,257.3,1,1,351
France,2011-06-22,852.44,2,2,658
France,2011-06-24,634.74,1,1,413
France,2011-06-27,201.24,1,1,119
France,2011-06-28,134.28,1,1,109
France,2011-06-30,-30.0,1,1,-24
France,2011-07-01,451.86,2,2,364
France,2011-07-04,474.36,1,1,259
France,2011-07-05,644.45,2,2,319
France,2011-07-06,1056.62,1,1,597
France,2011-07-08,1193.25,3,3,662
France,2011-07-11,611.08,2,2,290
France,2011-07-12,1223.85,3,4,616
France,2011-07-13,915.46,1,1,667
France,2011-07-17,150.1,1,1,47
France,2011-07-18,1866.08,2,2,921
France,2011-07-19,99.6,1,1,33
France,2011-07-21,-46.65,1,1,-3
France,2011-07-24,412.93,1,1,236
France,2011-07-27,204.75,1,1,148
France,2011-07-28,-46.65,1,1,-3
France,2011-07-29,677.9,1,1,503
France,2011-08-02,85.8,1,1,52
France,2011-08-03,1202.22,1,1,699
France,2011-08-04,511.03,1,1,281
France,2011-08-05,830.3000000000001,2,2,486
France,2011-08-10,248.35,1,1,197
France,2011-08-12,391.18,2,2,170
France,2011-08-14,46.65,1,1,3
France,2011-08-15,1161.07,1,1,607
France,2011-08-17,580.08,1,1,400
France,2011-08-18,764.79,2,2,463
France,2011-08-19,612.29,1,1,462
France,2011-08-21,528.77,2,2,270
France,2011-08-23,947.36,2,2,460
France,2011-08-24,428.91,2,2,246
France,2011-08-25,2169.21,4,4,1314
France,2011-08-26,1130.95,1,1,694
France,2011-08-31,2150.3,3,4,1144
France,2011-09-02,942.76,2,3,427
France,2011-09-04,891.8199999999999,1,1,509
France,2011-09-05,879.53,3,3,279
France,2011-09-07,2889.7599999999998,3,3,1637
France,2011-09-08,1461.49,2,2,860
France,2011-09-09,2074.8,3,3,1116
France,2011-09-11,112.38,1,1,43
France,2011-09-13,94.32000000000001,1,1,73
France,2011-09-14,357.32,1,1,438
France,2011-09-15,2656.31,4,4,1228
France,2011-09-16,-25.5,1,1,-6
France,2011-09-19,2035.05,4,4,847
France,2011-09-20,377.66,1,1,306
France,2011-09-21,1083.76,4,4,821
France,2011-09-22,1661.7,4,5,1203
France,2011-09-23,790.54,1,1,479
France,2011-09-25,775.99,2,2,281
France,2011-09-26,-15.2,1,1,-14
France,2011-09-27,164.04999999999998,3,3,54
France,2011-09-28,644.75,1,1,268
France,2011-09-29,1395.68,4,4,992
France,2011-09-30,1949.8999999999999,3,3,1071
France,2011-10-03,358.4,1,1,158
France,2011-10-04,357.3,2,2,115
France,2011-10-05,2059.2,3,4,1242
France,2011-10-06,145.2,2,2,25
France,2011-10-07,675.36,2,2,527
France,2011-10-10,410.08,2,3,211
France,2011-10-11,4242.86,2,2,2788
France,2011-10-12,1360.29,5,5,656
France,2011-10-13,331.72,1,1,124
France,2011-10-14,452.76,2,2,198
France,2011-10-17,-3.18,1,1,-3
France,2011-10-18,-2.12,1,2,-2
France,2011-10-19,2792.96,2,2,733
France,2011-10-20,1056.9,1,1,530
France,2011-10-27,1103.79,4,7,564
France,2011-10-28,8990.46,2,3,5246
France,2011-10-30,214.74,1,1,209
France,2011-10-31,485.32,2,2,416
France,2011-11-01,1829.81,4,4,1031
France,2011-11-02,633.44,1,1,291
France,2011-11-03,1567.38,4,5,1010
France,2011-11-04,399.51,1,3,332
France,2011-11-07,288.67,0,1,292
France,2011-11-08,1380.27,3,3,868
France,2011-11-09,1068.82,2,2,499
France,2011-11-10,2128.03,6,7,1347
France,2011-11-11,2358.91,5,6,1836
France,2011-11-13,123.08,1,1,69
France,2011-11-14,1666.42,3,3,894
France,2011-11-15,809.22,2,2,481
France,2011-11-16,1575.28,2,2,687
France,2011-11-17,3254.12,4,5,1605
France,2011-11-18,1072.68,3,3,550
France,2011-11-20,838.71,2,2,298
France,2011-11-21,397.72,1,1,271
France,2011-11-22,943.63,2,2,361
France,2011-11-23,348.38,1,2,219
France,2011-11-24,1982.67,2,3,599
France,2011-11-25,1206.31,3,4,825
France,2011-11-28,733.27,3,5,516
France,2011-11-29,1339.12,2,2,645
France,2011-11-30,2752.06,7,7,1560
France,2011-12-01,931.39,2,2,492
France,2011-12-02,1370.36,4,5,649
France,2011-12-04,1031.89,3,3,542
France,2011-12-05,797.48,1,2,477
France,2011-12-06,1403.94,4,4,787
France,2011-12-07,1117.6200000000001,2,2,561
France,2011-12-08,146.70000000000002,2,2,18
France,2011-12-09,249.45,1,1,105
Germany,2010-12-01,139.18,2,2,117
Germany,2010-12-02,138.35,2,2,146
Germany,2010-12-03,555.53,3,3,170
Germany,2010-12-05,2476.69,3,4,1362
Germany,2010-12-06,162.44,2,2,85
Germany,2010-12-07,596.8,1,1,155
Germany,2010-12-08,509.95000000000005,2,2,136
Germany,2010-12-09,891.79,5,5,380
Germany,2010-12-10,2360.41,1,2,1096
Germany,2010-12-13,-12.45,1,3,-2
Germany,2010-12-15,-52.9,1,1,-12
Germany,2010-12-16,-11.549999999999999,1,1,-7
Germany,2010-12-17,4672.82,7,9,1657
Germany,2010-12-19,469.87,1,1,337
Germany,2010-12-20,331.31,2,2,177
Germany,2010-12-23,1334.6,3,3,926
Germany,2011-01-05,-148.54,2,2,-56
Germany,2011-01-06,-6.6,1,1,-4
Germany,2011-01-07,3976.13,4,4,2658
Germany,2011-01-10,660.43,3,3,633
Germany,2011-01-11,144.26,1,1,87
Germany,2011-01-12,249.4,2,2,96
Germany,2011-01-13,753.4499999999999,1,1,100
Germany,2011-01-14,534.02,2,3,248
Germany,2011-01-17,1316.9,2,2,583
Germany,2011-01-18,132.52,1,1,113
Germany,2011-01-19,63.0,1,1,37
Germany,2011-01-21,-62.25000000000001,1,1,-19
Germany,2011-01-24,2364.78,3,3,1203
Germany,2011-01-25,2372.14,4,4,1135
Germany,2011-01-26,1175.76,2,2,692
Germany,2011-01-27,673.53,4,4,392
Germany,2011-01-28,-79.71000000000001,1,1,-61
Germany,2011-01-31,2332.21,4,4,1069
Germany,2011-02-01,264.65000000000003,3,3,44
Germany,2011-02-02,50.10000000000001,1,2,34
Germany,2011-02-03,1642.54,4,4,434
Germany,2011-02-04,-71.9,1,1,-7
Germany,2011-02-07,-94.93,1,1,-41
Germany,2011-02-08,-125.92999999999999,3,3,-34
Germany,2011-02-09,168.9,1,1,160
Germany,2011-02-10,351.95,2,2,228
Germany,2011-02-11,2231.15,2,2,620
Germany,2011-02-14,769.74,2,3,454
Germany,2011-02-17,540.58,2,2,380
Germany,2011-02-18,152.4,1,1,108
Germany,2011-02-21,1401.29,3,3,789
Germany,2011-02-23,388.3,1,1,201
Germany,2011-02-25,1300.4,2,2,713
Germany,2011-03-01,762.5,1,1,384
Germany,2011-03-03,725.28,2,2,536
Germany,2011-03-07,817.56,3,3,358
Germany,2011-03-08,884.63,3,3,437
Germany,2011-03-11,973.17,2,2,611
Germany,2011-03-14,-44.85,1,1,-7
Germany,2011-03-16,300.7,1,1,50
Germany,2011-03-17,1311.45,3,3,754
Germany,2011-03-18,2390.93,4,5,1252
Germany,2011-03-20,363.93,2,2,114
Germany,2011-03-22,1319.98,2,3,976
Germany,2011-03-24,-45.15,2,3,-13
Germany,2011-03-25,2645.14,4,4,1132
Germany,2011-03-27,-3.75,1,1,-3
Germany,2011-03-28,1087.47,3,4,848
Germany,2011-03-30,364.05,2,2,153
Germany,2011-03-31,316.98,2,2,93
Germany,2011-04-01,348.68,1,1,115
Germany,2011-04-04,674.29,1,2,390
Germany,2011-04-05,-56.349999999999994,2,2,-31
Germany,2011-04-06,-5.46,1,1,-14
Germany,2011-04-07,415.7,1,1,238
Germany,2011-04-08,1666.6,3,3,842
Germany,2011-04-11,630.3199999999999,2,2,464
Germany,2011-04-14,3439.06,6,7,1207
Germany,2011-04-18,0.0,1,2,0
Germany,2011-04-19,2590.9,4,4,1497
Germany,2011-04-20,417.6,1,1,232
Germany,2011-04-21,382.6,2,2,215
Germany,2011-04-26,-37.25,1,1,-16
Germany,2011-04-27,1209.8,1,1,468
Germany,2011-04-28,286.88,1,1,85
Germany,2011-05-01,1094.33,1,1,647
Germany,2011-05-03,-13.100000000000001,1,1,-8
Germany,2011-05-04,822.74,3,4,506
Germany,2011-05-05,440.38,2,2,69
Germany,2011-05-06,240.98,2,2,222
Germany,2011-05-09,624.48,2,2,372
Germany,2011-05-10,797.05,2,2,313
Germany,2011-05-11,369.05,2,2,197
Germany,2011-05-12,12165.25,4,6,5825
Germany,2011-05-13,881.1999999999999,1,2,324
Germany,2011-05-17,742.28,2,2,529
Germany,2011-05-19,2059.22,6,7,1268
Germany,2011-05-20,-29.9,1,1,-2
Germany,2011-05-22,1703.81,2,2,968
Germany,2011-05-23,985.88,4,6,436
Germany,2011-05-24,293.25,1,1,121
Germany,2011-05-26,1027.53,3,5,533
Germany,2011-05-27,716.73,1,1,342
Germany,2011-05-29,582.73,1,1,258
Germany,2011-05-31,67.46,2,2,31
Germany,2011-06-01,613.79,2,3,547
Germany,2011-06-02,1970.88,4,4,1067
Germany,2011-06-03,68.1,1,1,23
Germany,2011-06-05,1002.63,2,2,529
Germany,2011-06-06,489.45000000000005,2,2,282
Germany,2011-06-07,-40.46,1,1,-71
Germany,2011-06-09,475.14,2,2,117
Germany,2011-06-10,627.4,1,1,92
Germany,2011-06-12,583.2,1,1,345
Germany,2011-06-13,2557.64,3,3,1309
Germany,2011-06-16,679.15,2,3,469
Germany,2011-06-20,1920.4,3,3,1337
Germany,2011-06-21,427.76,1,1,272
Germany,2011-06-23,276.93,1,1,145
Germany,2011-06-24,185.64000000000001,1,1,73
Germany,2011-06-26,44.25,1,1,15
Germany,2011-06-30,1199.12,3,3,797
Germany,2011-07-01,37.27,2,2,54
Germany,2011-07-04,1028.42,3,4,864
Germany,2011-07-07,1183.29,4,5,550
Germany,2011-07-08,1001.69,2,2,559
Germany,2011-07-12,558.96,2,3,569
Germany,2011-07-13,281.71,1,1,94
Germany,2011-07-14,1550.83,3,3,1078
Germany,2011-07-15,1337.1100000000001,2,2,416
Germany,2011-07-17,345.23,1,1,107
Germany,2011-07-19,2438.5,6,7,1418
Germany,2011-07-20,947.97,2,2,463
Germany,2011-07-21,1905.63,2,2,826
Germany,2011-07-22,768.02,1,1,426
Germany,2011-07-24,612.1,1,1,472
Germany,2011-07-25,1131.18,2,2,742
Germany,2011-07-26,-147.89999999999998,2,2,-45
Germany,2011-07-27,440.7,1,1,227
Germany,2011-07-28,385.14,1,1,177
Germany,2011-07-29,-84.19,1,1,-6
Germany,2011-08-01,1089.18,1,1,651
Germany,2011-08-02,1135.27,3,3,726
Germany,2011-08-03,221.04,1,1,187
Germany,2011-08-04,1249.93,3,3,580
Germany,2011-08-05,1066.1,3,3,553
Germany,2011-08-07,107.4,1,1,60
Germany,2011-08-08,416.65,1,1,273
Germany,2011-08-09,102.98,1,1,35
Germany,2011-08-11,-9.95,1,1,-1
Germany,2011-08-12,-36.050000000000004,1,1,-15
Germany,2011-08-15,378.12,1,1,462
Germany,2011-08-16,115.30000000000001,1,1,22
Germany,2011-08-17,748.06,2,2,372
Germany,2011-08-19,877.63,4,4,321
Germany,2011-08-21,324.83,1,1,187
Germany,2011-08-22,2269.37,3,3,1063
Germany,2011-08-23,443.17,4,4,349
Germany,2011-08-24,1691.43,5,8,1332
Germany,2011-08-25,620.15,2,2,399
Germany,2011-08-26,405.13,2,2,260
Germany,2011-08-30,403.83,1,1,133
Germany,2011-08-31,5404.08,3,3,1611
Germany,2011-09-01,-37.699999999999996,2,2,-14
Germany,2011-09-02,378.86,3,3,300
Germany,2011-09-04,2390.71,5,5,1608
Germany,2011-09-05,-19.03,1,1,-5
Germany,2011-09-06,1002.44,3,4,676
Germany,2011-09-08,1235.38,4,4,665
Germany,2011-09-09,-149.03,2,2,-45
Germany,2011-09-11,1653.89,3,3,1052
Germany,2011-09-13,199.8,1,1,213
Germany,2011-09-14,351.65,1,1,265
Germany,2011-09-16,1231.97,4,5,456
Germany,2011-09-19,2170.84,4,5,1658
Germany,2011-09-20,128.28,2,2,92
Germany,2011-09-21,1049.04,2,2,772
Germany,2011-09-22,708.23,3,3,333
Germany,2011-09-23,2569.5,4,4,1712
Germany,2011-09-26,704.0400000000001,1,1,262
Germany,2011-09-27,402.45,2,2,205
Germany,2011-09-28,359.92,3,3,162
Germany,2011-09-29,1107.13,3,3,484
Germany,2011-09-30,281.94,1,1,177
Germany,2011-10-04,-7.050000000000001,1,1,-3
Germany,2011-10-05,4178.92,3,4,2151
Germany,2011-10-06,3915.78,8,10,2469
Germany,2011-10-07,2866.85,5,5,2053
Germany,2011-10-10,272.98,2,2,109
Germany,2011-10-11,962.99,2,2,567
Germany,2011-10-12,1231.46,5,5,772
Germany,2011-10-13,2047.14,5,5,932
Germany,2011-10-14,1925.28,3,5,493
Germany,2011-10-17,3512.87,4,4,2798
Germany,2011-10-18,1315.27,3,3,725
Germany,2011-10-19,2588.86,5,6,1918
Germany,2011-10-20,1118.05,3,3,711
Germany,2011-10-21,1347.05,2,2,270
Germany,2011-10-23,-15.7,1,1,-2
Germany,2011-10-24,-38.449999999999996,1,1,-15
Germany,2011-10-25,1097.16,1,2,428
Germany,2011-10-26,119.74,1,2,24
Germany,2011-10-27,309.21000000000004,3,3,206
Germany,2011-10-28,1080.33,3,3,535
Germany,2011-10-31,785.53,4,4,495
Germany,2011-11-02,120.23,2,2,52
Germany,2011-11-03,817.97,2,2,417
Germany,2011-11-04,-21.65,1,1,-4
Germany,2011-11-06,1184.05,3,3,887
Germany,2011-11-07,548.85,2,2,277
Germany,2011-11-08,-237.26,3,3,-97
Germany,2011-11-09,447.75,2,2,86
Germany,2011-11-10,294.74,4,7,142
Germany,2011-11-11,2990.87,6,8,1575
Germany,2011-11-14,550.11,3,4,212
Germany,2011-11-15,893.41,2,2,596
Germany,2011-11-16,3594.12,8,11,2184
Germany,2011-11-17,3684.9100000000003,7,7,1369
Germany,2011-11-18,1102.72,4,5,491
Germany,2011-11-20,219.0,1,1,53
Germany,2011-11-21,366.45,3,4,284
Germany,2011-11-22,1018.77,3,3,552
Germany,2011-11-23,712.01,3,3,574
Germany,2011-11-24,4244.42,5,8,1930
Germany,2011-11-25,125.22,1,1,45
Germany,2011-11-28,1349.4,3,3,397
Germany,2011-11-29,1358.86,3,4,639
Germany,2011-11-30,679.4,2,2,261
Germany,2011-12-01,695.87,2,2,247
Germany,2011-12-02,37.83,2,2,-6
Germany,2011-12-04,1179.8700000000001,3,3,504
Germany,2011-12-05,269.35,3,3,148
Germany,2011-12-06,-36.65,2,2,-29
Germany,2011-12-07,2879.2599999999998,3,4,1220
Germany,2011-12-08,1089.45,2,2,969
Germany,2011-12-09,1689.72,4,4,880
Netherlands,2010-12-01,192.60000000000002,1,1,97
Netherlands,2010-12-20,70.96000000000001,1,1,46
Netherlands,2010-12-21,8520.92,1,1,6668
Netherlands,2011-01-14,10389.06,1,1,8210
Netherlands,2011-01-19,7722.04,1,1,6072
Netherlands,2011-01-20,305.28000000000003,1,1,288
Netherlands,2011-01-21,8060.3,1,1,5730
Netherlands,2011-01-31,134.48,1,1,117
Netherlands,2011-02-01,214.45,1,1,113
Netherlands,2011-02-03,-34.8,1,1,-24
Netherlands,2011-02-08,1261.28,1,2,1123
Netherlands,2011-02-21,18279.48,1,2,12208
Netherlands,2011-02-22,3211.7,1,1,2940
Netherlands,2011-03-09,444.8,1,1,277
Netherlands,2011-03-14,117.92999999999999,1,1,152
Netherlands,2011-03-22,235.71,1,1,170
Netherlands,2011-03-25,1563.51,2,2,835
Netherlands,2011-03-29,18247.5,1,2,12186
Netherlands,2011-03-30,1807.04,1,1,1208
Netherlands,2011-04-05,2284.2,1,2,1336
Netherlands,2011-04-28,692.36,1,1,432
Netherlands,2011-05-11,824.4,1,2,279
Netherlands,2011-05-12,16478.46,1,3,13262
Netherlands,2011-05-18,732.4,1,1,412
Netherlands,2011-05-20,294.72,1,1,128
Netherlands,2011-05-25,1392.0,1,1,960
Netherlands,2011-05-26,8980.88,1,1,4664
Netherlands,2011-05-31,483.02000000000004,2,2,231
Netherlands,2011-06-01,5422.8,1,2,2874
Netherlands,2011-06-03,419.8,1,1,329
Netherlands,2011-06-06,427.58,1,1,314
Netherlands,2011-06-09,69.0,2,2,73
Netherlands,2011-06-19,5683.0599999999995,1,1,4718
Netherlands,2011-06-20,154.67000000000002,1,1,61
Netherlands,2011-06-21,637.72,1,1,353
Netherlands,2011-06-28,14028.46,1,3,11010
Netherlands,2011-07-20,26.02,1,1,10
Netherlands,2011-08-09,12498.71,1,2,8182
Netherlands,2011-08-11,19150.66,1,1,14730
Netherlands,2011-08-12,825.6,1,1,992
Netherlands,2011-08-18,-206.4,1,1,-1
Netherlands,2011-08-23,424.8,1,1,288
Netherlands,2011-08-26,7428.04,1,3,5684
Netherlands,2011-08-31,-465.6000000000001,1,1,-768
Netherlands,2011-09-08,1946.68,1,2,1013
Netherlands,2011-09-09,186.56,1,1,145
Netherlands,2011-09-13,8281.12,1,1,4951
Netherlands,2011-09-19,15618.28,1,2,10649
Netherlands,2011-09-22,904.62,1,1,551
Netherlands,2011-10-05,91.85,1,1,4
Netherlands,2011-10-06,841.55,1,3,357
Netherlands,2011-10-07,171.93,1,1,212
Netherlands,2011-10-18,448.92,1,1,272
Netherlands,2011-10-20,25833.56,1,3,18140
Netherlands,2011-10-21,3325.62,1,3,2476
Netherlands,2011-10-27,9995.220000000001,1,3,5769
Netherlands,2011-11-02,4486.91,1,3,2732
Netherlands,2011-11-10,9823.12,1,3,7786
Netherlands,2011-11-16,232.5,1,1,147
Netherlands,2011-11-18,166.0,1,1,34
Netherlands,2011-11-20,140.24,1,2,154
Netherlands,2011-11-22,809.6,2,2,514
Netherlands,2011-11-23,10078.64,1,3,7244
Netherlands,2011-11-30,119.0,1,1,51
Netherlands,2011-12-07,11477.42,1,2,7818
Netherlands,2011-12-08,250.6,1,1,140
Spain,2010-12-03,620.0,1,1,400
Spain,2010-12-09,174.72,1,1,67
Spain,2010-12-13,881.01,1,1,300
Spain,2010-12-17,168.0,1,1,100
Spain,2011-01-06,-1126.0,1,1,-1
Spain,2011-01-07,1138.67,1,1,630
Spain,2011-01-10,1715.85,1,1,643
Spain,2011-01-11,4564.3,2,2,1483
Spain,2011-01-18,681.05,1,1,294
Spain,2011-01-19,112.92,1,1,48
Spain,2011-01-20,-65.69999999999999,1,1,-6
Spain,2011-01-24,157.45,1,1,104
Spain,2011-01-27,0.0,1,2,642
Spain,2011-02-01,288.98,1,1,193
Spain,2011-02-03,617.25,1,1,171
Spain,2011-02-09,762.11,1,1,287
Spain,2011-02-14,446.16,1,1,219
Spain,2011-02-18,-20.8,1,1,-4
Spain,2011-03-04,471.8,2,2,397
Spain,2011-03-07,-36.5,1,1,-5
Spain,2011-03-16,1218.95,2,2,405
Spain,2011-03-22,1085.99,1,1,335
Spain,2011-03-24,1140.76,1,1,512
Spain,2011-03-25,628.15,1,1,346
Spain,2011-03-28,817.5,1,1,550
Spain,2011-04-11,269.95,1,1,156
Spain,2011-04-21,1079.4,1,1,530
Spain,2011-04-28,436.3,1,1,267
Spain,2011-05-04,1380.11,1,1,747
Spain,2011-05-06,522.6,1,1,88
Spain,2011-05-26,48.4,1,1,25
Spain,2011-05-31,1306.49,1,1,608
Spain,2011-06-03,264.4,1,1,107
Spain,2011-06-06,357.99,1,1,173
Spain,2011-06-09,912.66,1,1,445
Spain,2011-06-16,1137.99,1,1,424
Spain,2011-06-19,564.2,3,4,339
Spain,2011-06-26,95.19999999999999,1,1,49
Spain,2011-07-04,4146.34,1,1,1506
Spain,2011-07-06,230.5,2,2,167
Spain,2011-07-07,416.62,2,3,216
Spain,2011-07-11,312.9,1,1,166
Spain,2011-07-20,301.52,1,1,59
Spain,2011-07-25,1358.3899999999999,1,1,649
Spain,2011-07-28,811.9,1,1,675
Spain,2011-08-04,867.43,2,2,185
Spain,2011-08-16,200.24,1,2,82
Spain,2011-08-17,231.76,1,1,158
Spain,2011-08-21,-3.249999999999999,1,2,1
Spain,2011-08-24,509.34000000000003,1,1,317
Spain,2011-08-28,1246.49,1,1,800
Spain,2011-08-31,278.4,2,2,55
Spain,2011-09-05,1092.35,1,1,234
Spain,2011-09-08,459.99,1,1,243
Spain,2011-09-19,971.65,1,1,565
Spain,2011-09-20,-25.5,1,1,-2
Spain,2011-09-21,964.83,1,1,569
Spain,2011-09-23,1037.68,2,2,572
Spain,2011-09-25,372.24,1,1,177
Spain,2011-09-27,290.5,1,1,323
Spain,2011-10-03,-9.95,1,1,-1
Spain,2011-10-04,-20.0,1,1,-16
Spain,2011-10-07,422.8,1,1,227
Spain,2011-10-14,3528.34,1,1,1006
Spain,2011-10-17,-3528.3399999999997,1,1,-1006
Spain,2011-10-18,1019.47,1,1,724
Spain,2011-10-19,348.32,1,1,318
Spain,2011-10-20,290.81,1,1,192
Spain,2011-10-24,401.3,1,1,158
Spain,2011-10-26,449.45,1,1,243
Spain,2011-10-30,2176.45,1,1,1484
Spain,2011-11-03,372.7,1,1,136
Spain,2011-11-04,738.57,1,1,327
Spain,2011-11-07,11.910000000000007,2,2,-44
Spain,2011-11-08,573.71,1,1,239
Spain,2011-11-10,791.99,3,3,448
Spain,2011-11-17,1184.06,2,2,508
Spain,2011-11-20,1094.23,2,2,477
Spain,2011-11-21,427.48,1,1,249
Spain,2011-11-23,2990.0,1,1,920
Spain,2011-11-24,178.48,1,1,77
Spain,2011-11-29,170.74,1,1,117
Spain,2011-12-06,172.06,1,1,182
Spain,2011-12-07,99.37,2,2,74
Sweden,2010-12-14,0.0,1,2,0
Sweden,2010-12-17,2646.2999999999997,1,1,3714
Sweden,2011-01-04,507.56,1,2,292
Sweden,2011-01-28,2938.7599999999998,1,1,2804
Sweden,2011-02-01,509.5,1,1,250
Sweden,2011-03-10,-57.60000000000001,1,2,0
Sweden,2011-03-14,4400.28,1,1,5156
Sweden,2011-03-24,197.9,1,1,107
Sweden,2011-04-15,486.1,1,1,201
Sweden,2011-04-27,323.0,1,1,109
Sweden,2011-05-03,-8.5,1,1,-2
Sweden,2011-05-04,-8.5,1,1,-2
Sweden,2011-05-11,8.5,1,1,2
Sweden,2011-05-12,2557.88,1,1,2794
Sweden,2011-05-18,115.60000000000001,1,1,37
Sweden,2011-06-02,121.55,1,1,54
Sweden,2011-06-09,319.95,1,1,188
Sweden,2011-06-23,390.5,1,1,162
Sweden,2011-07-06,2825.1,1,1,3242
Sweden,2011-07-31,3976.99,2,2,2764
Sweden,2011-08-04,612.0,1,1,960
Sweden,2011-08-08,249.10000000000002,2,2,85
Sweden,2011-08-16,185.9,1,1,72
Sweden,2011-08-17,-9.899999999999999,1,1,-6
Sweden,2011-08-25,353.86,1,1,197
Sweden,2011-09-02,309.45,1,1,163
Sweden,2011-09-13,4114.08,1,1,4072
Sweden,2011-09-30,151.68,1,1,109
Sweden,2011-10-14,15.0,1,1,1
Sweden,2011-10-17,5296.96,1,1,5952
Sweden,2011-10-30,454.2,1,1,198
Sweden,2011-11-06,671.69,1,1,577
Sweden,2011-11-08,-20.85,1,1,-6
Sweden,2011-11-11,223.68,1,1,149
Sweden,2011-11-14,1238.48,1,1,1060
Sweden,2011-11-15,181.66,1,1,67
Sweden,2011-11-18,-8.67,1,1,-3
Sweden,2011-11-22,326.72,1,2,118
Sweden,2011-12-05,0.0,1,2,0
Switzerland,2010-12-03,303.4,1,1,110
Switzerland,2010-12-20,1001.52,1,1,604
Switzerland,2011-01-19,3604.63,2,2,2653
Switzerland,2011-01-28,626.6,1,1,340
Switzerland,2011-02-04,693.3299999999999,1,2,211
Switzerland,2011-02-11,-12.25,1,1,-2
Switzerland,2011-02-24,1340.32,1,1,560
Switzerland,2011-02-25,179.35,1,1,66
Switzerland,2011-02-28,441.92,1,1,270
Switzerland,2011-03-09,439.28,1,1,314
Switzerland,2011-03-25,490.78000000000003,1,1,227
Switzerland,2011-03-30,940.1700000000001,1,1,445
Switzerland,2011-04-11,-29.849999999999998,1,1,-3
Switzerland,2011-04-14,669.25,1,1,197
Switzerland,2011-04-15,219.0,1,1,101
Switzerland,2011-04-20,-45.900000000000006,1,3,-6
Switzerland,2011-04-21,1009.69,1,1,489
Switzerland,2011-05-03,-42.8,1,1,-4
Switzerland,2011-05-05,2388.31,1,1,1771
Switzerland,2011-05-09,315.3,1,1,114
Switzerland,2011-05-31,906.4,1,1,364
Switzerland,2011-06-08,612.68,1,1,245
Switzerland,2011-06-10,6207.08,1,1,3142
Switzerland,2011-06-13,-21.95,1,1,-5
Switzerland,2011-06-24,417.36,1,1,175
Switzerland,2011-06-26,667.03,1,1,408
Switzerland,2011-07-01,360.8,1,1,152
Switzerland,2011-07-08,626.88,1,1,282
Switzerland,2011-07-15,-102.0,1,1,-120
Switzerland,2011-07-17,235.96,0,1,213
Switzerland,2011-07-25,736.0,1,2,408
Switzerland,2011-07-26,593.74,1,1,142
Switzerland,2011-07-31,1325.23,1,1,628
Switzerland,2011-08-02,3969.62,3,3,2513
Switzerland,2011-08-03,-16.6,1,1,-4
Switzerland,2011-08-10,292.69,1,1,62
Switzerland,2011-08-14,-4.95,1,1,-1
Switzerland,2011-08-19,668.58,1,1,407
Switzerland,2011-08-23,-27.15,1,1,-17
Switzerland,2011-09-06,200.0,1,1,5
Switzerland,2011-09-14,743.28,1,1,376
Switzerland,2011-09-15,160.0,1,1,4
Switzerland,2011-09-21,-24.95,2,5,-11
Switzerland,2011-09-22,4860.64,1,1,2408
Switzerland,2011-09-28,1810.51,1,1,1225
Switzerland,2011-09-29,505.48,1,1,236
Switzerland,2011-10-03,-16.75,1,1,-5
Switzerland,2011-10-05,2539.56,1,1,1650
Switzerland,2011-10-11,1527.96,1,1,582
Switzerland,2011-10-12,661.92,2,2,332
Switzerland,2011-10-25,1635.6599999999999,1,1,1394
Switzerland,2011-10-26,1275.64,2,2,569
Switzerland,2011-10-28,409.99,0,2,334
Switzerland,2011-11-06,6207.67,1,1,2708
Switzerland,2011-11-11,292.58,1,1,64
Switzerland,2011-11-18,925.64,1,1,669
Switzerland,2011-11-23,428.57,1,3,183
Switzerland,2011-11-29,262.5,1,1,151
United Kingdom,2010-12-01,54615.15,91,135,23949
United Kingdom,2010-12-02,46053.93,113,163,20873
United Kingdom,2010-12-03,39985.44,42,94,10439
United Kingdom,2010-12-05,25462.2,70,86,13604
United Kingdom,2010-12-06,52402.840000000004,85,126,20669
United Kingdom,2010-12-07,42301.479999999996,66,107,23769
United Kingdom,2010-12-08,40167.17,105,141,20086
United Kingdom,2010-12-09,42994.03,107,167,14545
United Kingdom,2010-12-10,52504.6,50,86,18273
United Kingdom,2010-12-12,13650.33,41,50,8156
United Kingdom,2010-12-13,34510.78,59,80,17325
United Kingdom,2010-12-14,41340.07,100,138,19233
United Kingdom,2010-12-15,29548.3,82,94,18211
United Kingdom,2010-12-16,46975.39,113,143,28060
United Kingdom,2010-12-17,32491.11,35,52,8824
United Kingdom,2010-12-19,6636.34,15,23,3303
United Kingdom,2010-12-20,22521.34,52,87,13714
United Kingdom,2010-12-21,36971.81,26,60,8100
United Kingdom,2010-12-22,5423.45,15,20,2350
United Kingdom,2010-12-23,10186.86,19,33,4618
United Kingdom,2011-01-04,14442.92,37,55,7647
United Kingdom,2011-01-05,-2280.36,46,65,17934
United Kingdom,2011-01-06,30767.69,58,69,17274
United Kingdom,2011-01-07,21053.25,42,51,12591
United Kingdom,2011-01-09,14238.64,44,47,7377
United Kingdom,2011-01-10,20130.86,29,53,6911
United Kingdom,2011-01-11,61133.43,53,76,26297
United Kingdom,2011-01-12,21105.04,41,54,8622
United Kingdom,2011-01-13,18171.43,45,49,9266
United Kingdom,2011-01-14,17712.03,38,47,7303
United Kingdom,2011-01-16,7116.61,22,29,4181
United Kingdom,2011-01-17,26162.44,43,50,12002
United Kingdom,2011-01-18,15130.03,30,47,6754
United Kingdom,2011-01-19,13103.22,27,35,7802
United Kingdom,2011-01-20,13213.26,30,47,6287
United Kingdom,2011-01-21,22983.26,46,59,8921
United Kingdom,2011-01-23,9771.45,26,29,5068
United Kingdom,2011-01-24,17459.75,39,53,8825
United Kingdom,2011-01-25,22991.98,61,76,11873
United Kingdom,2011-01-26,15902.83,51,65,8692
United Kingdom,2011-01-27,17533.25,53,77,9171
United Kingdom,2011-01-28,13617.61,37,93,13647
United Kingdom,2011-01-30,6456.4400000000005,22,25,3367
United Kingdom,2011-01-31,16391.24,55,76,9569
United Kingdom,2011-02-01,25482.420000000002,56,77,13880
United Kingdom,2011-02-02,19853.8,54,67,8607
United Kingdom,2011-02-03,20117.63,40,45,16063
United Kingdom,2011-02-04,22523.64,36,68,10336
United Kingdom,2011-02-06,3457.11,11,11,2048
United Kingdom,2011-02-07,23434.96,34,46,8168
United Kingdom,2011-02-08,19149.88,35,50,8701
United Kingdom,2011-02-09,9487.01,17,26,3427
United Kingdom,2011-02-10,12754.03,55,63,10765
United Kingdom,2011-02-11,17941.37,65,90,8952
United Kingdom,2011-02-13,5535.4,21,24,2715
United Kingdom,2011-02-14,21002.48,40,47,10813
United Kingdom,2011-02-15,16434.85,43,64,10715
United Kingdom,2011-02-16,20670.43,51,63,13084
United Kingdom,2011-02-17,24155.97,44,66,13452
United Kingdom,2011-02-18,14428.55,42,59,7136
United Kingdom,2011-02-20,9578.89,26,29,5346
United Kingdom,2011-02-21,882.5099999999996,32,45,6832
United Kingdom,2011-02-22,29105.47,49,61,18518
United Kingdom,2011-02-23,24484.5,50,64,12391
United Kingdom,2011-02-24,20969.33,53,62,10945
United Kingdom,2011-02-25,18908.99,39,46,9690
United Kingdom,2011-02-27,8967.9,29,33,4570
United Kingdom,2011-02-28,18920.79,41,53,8487
United Kingdom,2011-03-01,15349.11,45,55,8163
United Kingdom,2011-03-02,17495.7,56,64,8047
United Kingdom,2011-03-03,17434.95,55,75,7212
United Kingdom,2011-03-04,16631.84,31,48,11577
United Kingdom,2011-03-06,9596.23,28,35,4989
United Kingdom,2011-03-07,29828.04,67,98,13377
United Kingdom,2011-03-08,22599.9,38,56,5387
United Kingdom,2011-03-09,19235.78,47,75,2833
United Kingdom,2011-03-10,17469.35,64,81,10652
United Kingdom,2011-03-11,20309.26,43,59,9529
United Kingdom,2011-03-13,3794.33,15,16,2556
United Kingdom,2011-03-14,18598.87,41,51,10116
United Kingdom,2011-03-15,16402.11,39,57,7277
United Kingdom,2011-03-16,19400.19,44,54,11968
United Kingdom,2011-03-17,31998.97,66,80,18037
United Kingdom,2011-03-18,13635.820000000002,46,70,12239
United Kingdom,2011-03-20,20467.39,51,58,13277
United Kingdom,2011-03-21,15843.64,54,64,9983
United Kingdom,2011-03-22,28106.69,36,75,13201
United Kingdom,2011-03-23,19733.56,51,80,8311
United Kingdom,2011-03-24,33702.3,61,85,17003
United Kingdom,2011-03-25,24220.170000000002,41,57,9966
United Kingdom,2011-03-27,8844.47,40,43,4353
United Kingdom,2011-03-28,14918.720000000001,45,74,9754
United Kingdom,2011-03-29,51760.82,50,92,19893
United Kingdom,2011-03-30,27819.59,70,113,17567
United Kingdom,2011-03-31,24509.59,65,87,12576
United Kingdom,2011-04-01,21850.62,61,99,16227
United Kingdom,2011-04-03,6878.1,18,22,5660
United Kingdom,2011-04-04,22835.46,49,69,11750
United Kingdom,2011-04-05,19335.02,46,86,9747
United Kingdom,2011-04-06,16328.82,40,87,7935
United Kingdom,2011-04-07,15565.88,57,72,8348
United Kingdom,2011-04-08,20134.59,65,129,7535
United Kingdom,2011-04-10,8887.39,31,36,5336
United Kingdom,2011-04-11,19606.79,52,65,11776
United Kingdom,2011-04-12,23240.04,62,78,14202
United Kingdom,2011-04-13,22434.71,61,76,17426
United Kingdom,2011-04-14,30572.07,82,99,15713
United Kingdom,2011-04-15,26030.071,35,52,11832
United Kingdom,2011-04-17,11627.34,36,41,7628
United Kingdom,2011-04-18,29052.83,63,91,15671
United Kingdom,2011-04-19,20240.14,57,68,12307
United Kingdom,2011-04-20,27326.49,64,84,17547
United Kingdom,2011-04-21,27378.36,62,105,16565
United Kingdom,2011-04-26,29675.54,56,80,15285
United Kingdom,2011-04-27,23706.76,60,88,17098
United Kingdom,2011-04-28,19547.02,54,95,12078
United Kingdom,2011-05-01,5870.33,17,20,3167
United Kingdom,2011-05-03,16694.71,55,115,10303
United Kingdom,2011-05-04,24733.71,56,70,14010
United Kingdom,2011-05-05,25024.28,86,102,15011
United Kingdom,2011-05-06,30534.89,63,107,17404
United Kingdom,2011-05-08,16889.96,56,64,9469
United Kingdom,2011-05-09,24123.35,56,77,11730
United Kingdom,2011-05-10,42133.94,69,108,15449
United Kingdom,2011-05-11,28503.98,59,89,13794
United Kingdom,2011-05-12,27154.04,74,90,13576
United Kingdom,2011-05-13,25544.75,47,70,12240
United Kingdom,2011-05-15,9169.1,27,29,4618
United Kingdom,2011-05-16,19907.79,48,80,11927
United Kingdom,2011-05-17,38680.99,74,111,17030
United Kingdom,2011-05-18,31205.4,60,83,17366
United Kingdom,2011-05-19,28964.79,85,110,15164
United Kingdom,2011-05-20,23744.47,65,84,13936
United Kingdom,2011-05-22,21590.85,53,58,11470
United Kingdom,2011-05-23,26268.47,63,102,14457
United Kingdom,2011-05-24,36368.02,72,97,15307
United Kingdom,2011-05-25,20122.34,53,84,9639
United Kingdom,2011-05-26,22033.04,50,65,10147
United Kingdom,2011-05-27,26385.94,60,82,15563
United Kingdom,2011-05-29,6625.57,19,24,3826
United Kingdom,2011-05-31,18185.15,43,52,9849
United Kingdom,2011-06-01,14131.1,49,57,7410
United Kingdom,2011-06-02,30432.58,48,80,12725
United Kingdom,2011-06-03,14889.38,35,47,6742
United Kingdom,2011-06-05,19392.04,54,62,10381
United Kingdom,2011-06-06,14141.8,59,66,7876
United Kingdom,2011-06-07,36420.590000000004,78,93,17871
United Kingdom,2011-06-08,36580.61,67,102,16376
United Kingdom,2011-06-09,39547.33,75,96,27000
United Kingdom,2011-06-10,15234.68,47,88,4738
United Kingdom,2011-06-12,11540.48,36,38,8421
United Kingdom,2011-06-13,14616.3,64,79,6752
United Kingdom,2011-06-14,40236.13,44,65,-13746
United Kingdom,2011-06-15,15883.37,42,80,10484
United Kingdom,2011-06-16,30485.56,75,99,16673
United Kingdom,2011-06-17,15803.16,33,56,9398
United Kingdom,2011-06-19,15683.99,51,57,9856
United Kingdom,2011-06-20,24884.47,54,88,10869
United Kingdom,2011-06-21,20504.47,58,78,6804
United Kingdom,2011-06-22,16492.46,49,59,11492
United Kingdom,2011-06-23,21954.28,68,81,12970
United Kingdom,2011-06-24,5844.580000000001,40,54,8291
United Kingdom,2011-06-26,5368.69,27,33,3023
United Kingdom,2011-06-27,15806.3,40,58,9323
United Kingdom,2011-06-28,20541.9,46,80,8523
United Kingdom,2011-06-29,18077.89,40,62,8983
United Kingdom,2011-06-30,39984.21,52,72,19287
United Kingdom,2011-07-01,10527.710000000001,33,62,5990
United Kingdom,2011-07-03,5977.14,24,27,3106
United Kingdom,2011-07-04,37334.83,35,55,12516
United Kingdom,2011-07-05,38852.48,63,84,21128
United Kingdom,2011-07-06,21448.3,60,72,14747
United Kingdom,2011-07-07,29456.0,71,83,18047
United Kingdom,2011-07-08,23404.079999999998,45,85,9716
United Kingdom,2011-07-10,5692.07,20,29,4214
United Kingdom,2011-07-11,19916.670000000002,44,62,13264
United Kingdom,2011-07-12,23624.37,46,58,12475
United Kingdom,2011-07-13,5881.5199999999995,46,58,9973
United Kingdom,2011-07-14,24933.68,61,81,12772
United Kingdom,2011-07-15,12244.78,36,57,6404
United Kingdom,2011-07-17,16443.37,43,50,10675
United Kingdom,2011-07-18,21550.34,52,102,9908
United Kingdom,2011-07-19,32075.37,59,71,17236
United Kingdom,2011-07-20,25194.25,46,70,15806
United Kingdom,2011-07-21,27083.0,69,99,17944
United Kingdom,2011-07-22,18357.14,40,56,9007
United Kingdom,2011-07-24,24771.71,51,59,16229
United Kingdom,2011-07-25,23094.69,47,63,13420
United Kingdom,2011-07-26,20213.251,51,81,13159
United Kingdom,2011-07-27,19263.28,35,80,9915
United Kingdom,2011-07-28,47704.48,83,115,24964
United Kingdom,2011-07-29,16771.56,57,67,10689
United Kingdom,2011-07-31,13663.77,32,38,10825
United Kingdom,2011-08-01,19514.1,36,49,9124
United Kingdom,2011-08-02,8393.72,44,52,11789
United Kingdom,2011-08-03,25407.48,65,79,14653
United Kingdom,2011-08-04,57103.74,69,85,35656
United Kingdom,2011-08-05,16882.420000000002,44,59,9960
United Kingdom,2011-08-07,7356.72,27,32,5020
United Kingdom,2011-08-08,17519.96,44,51,11595
United Kingdom,2011-08-09,14156.06,48,56,7397
United Kingdom,2011-08-10,25109.14,45,55,12652
United Kingdom,2011-08-11,50256.84,65,78,23323
United Kingdom,2011-08-12,4616.000000000001,34,52,8653
United Kingdom,2011-08-14,5542.99,28,34,3134
United Kingdom,2011-08-15,13072.03,43,49,7163
United Kingdom,2011-08-16,18666.21,44,58,11052
United Kingdom,2011-08-17,45644.18,41,56,21800
United Kingdom,2011-08-18,25867.35,76,92,17442
United Kingdom,2011-08-19,12793.88,48,50,7953
United Kingdom,2011-08-21,11807.960000000001,31,35,6758
United Kingdom,2011-08-22,24964.51,54,62,14060
United Kingdom,2011-08-23,17694.170000000002,49,55,11553
United Kingdom,2011-08-24,34445.22,71,91,27393
United Kingdom,2011-08-25,18201.81,69,82,10696
United Kingdom,2011-08-26,14723.4,37,46,10106
United Kingdom,2011-08-28,9538.29,35,38,5970
United Kingdom,2011-08-30,31259.13,24,45,10092
United Kingdom,2011-08-31,8593.189999999999,61,105,4810
United Kingdom,2011-09-01,29027.47,66,73,22127
United Kingdom,2011-09-02,37898.64,56,94,8802
United Kingdom,2011-09-04,13106.92,39,46,7552
United Kingdom,2011-09-05,25870.38,51,66,17250
United Kingdom,2011-09-06,22615.99,50,63,12993
United Kingdom,2011-09-07,27820.6,40,53,12697
United Kingdom,2011-09-08,19513.4,56,79,13213
United Kingdom,2011-09-09,23175.47,59,77,12445
United Kingdom,2011-09-11,33699.2,64,74,20027
United Kingdom,2011-09-12,29039.31,80,96,17086
United Kingdom,2011-09-13,41819.53,59,77,27522
United Kingdom,2011-09-14,21051.420000000002,63,86,7641
United Kingdom,2011-09-15,58886.13,85,106,27462
United Kingdom,2011-09-16,24131.7,44,77,14399
United Kingdom,2011-09-18,15692.33,25,28,8966
United Kingdom,2011-09-19,18754.43,64,80,12015
United Kingdom,2011-09-20,106404.03,49,68,42212
United Kingdom,2011-09-21,35089.43,72,92,15807
United Kingdom,2011-09-22,45921.16,96,130,25854
United Kingdom,2011-09-23,31530.01,63,88,16501
United Kingdom,2011-09-25,28587.751,68,72,18000
United Kingdom,2011-09-26,26199.501,61,73,13809
United Kingdom,2011-09-27,34122.21,77,107,20279
United Kingdom,2011-09-28,36542.73,82,94,21828
United Kingdom,2011-09-29,40072.92,88,107,24451
United Kingdom,2011-09-30,35445.49,63,84,17552
United Kingdom,2011-10-02,11623.58,32,36,8380
United Kingdom,2011-10-03,63883.08,50,88,24500
United Kingdom,2011-10-04,47126.83,66,93,18304
United Kingdom,2011-10-05,48142.13,72,89,32884
United Kingdom,2011-10-06,47621.27,139,197,26808
United Kingdom,2011-10-07,40727.67,67,95,25657
United Kingdom,2011-10-09,11922.24,35,41,7275
United Kingdom,2011-10-10,38509.86,87,128,22661
United Kingdom,2011-10-11,28532.22,68,93,13093
United Kingdom,2011-10-12,24385.49,59,85,13623
United Kingdom,2011-10-13,27039.99,67,94,13324
United Kingdom,2011-10-14,25942.87,51,73,14069
United Kingdom,2011-10-16,21605.44,32,39,8311
United Kingdom,2011-10-17,35468.96,74,87,19325
United Kingdom,2011-10-18,37683.61,69,97,25043
United Kingdom,2011-10-19,27795.51,75,93,14974
United Kingdom,2011-10-20,28927.37,82,95,16297
United Kingdom,2011-10-21,55166.409999999996,51,58,20318
United Kingdom,2011-10-23,12318.11,39,44,7070
United Kingdom,2011-10-24,36737.65,77,134,20907
United Kingdom,2011-10-25,37332.37,66,107,22477
United Kingdom,2011-10-26,33292.81,75,98,18698
United Kingdom,2011-10-27,33552.98,100,119,24255
United Kingdom,2011-10-28,27225.77,60,89,17042
United Kingdom,2011-10-30,30556.170000000002,82,91,17656
United Kingdom,2011-10-31,44317.8,53,98,2661
United Kingdom,2011-11-01,24744.69,82,98,14758
United Kingdom,2011-11-02,38497.12,79,105,24463
United Kingdom,2011-11-03,59169.23,85,113,31841
United Kingdom,2011-11-04,55433.39,94,128,31177
United Kingdom,2011-11-06,33126.79,81,96,18339
United Kingdom,2011-11-07,67032.56,82,103,25943
United Kingdom,2011-11-08,54482.33,111,131,24889
United Kingdom,2011-11-09,60272.72,97,121,35075
United Kingdom,2011-11-10,54935.28,123,162,27859
United Kingdom,2011-11-11,46157.4,75,98,23471
United Kingdom,2011-11-13,28355.85,72,87,17269
United Kingdom,2011-11-14,106778.73,95,135,42892
United Kingdom,2011-11-15,51108.23,90,130,24741
United Kingdom,2011-11-16,53767.31,106,143,23065
United Kingdom,2011-11-17,41183.43,108,142,22279
United Kingdom,2011-11-18,40370.21,110,142,20178
United Kingdom,2011-11-20,31426.46,83,96,17822
United Kingdom,2011-11-21,44022.22,88,112,21875
United Kingdom,2011-11-22,56263.84,117,158,31938
United Kingdom,2011-11-23,63137.7,102,136,27569
United Kingdom,2011-11-24,39692.05,91,128,19860
United Kingdom,2011-11-25,46800.62,65,91,29470
United Kingdom,2011-11-27,19741.59,50,59,10936
United Kingdom,2011-11-28,51529.37,94,115,26796
United Kingdom,2011-11-29,64927.28,106,140,26807
United Kingdom,2011-11-30,49849.38,104,144,20969
United Kingdom,2011-12-01,47903.43,142,158,25308
United Kingdom,2011-12-02,53417.45,87,128,24457
United Kingdom,2011-12-04,21580.48,51,65,10816
United Kingdom,2011-12-05,54715.25,103,137,42414
United Kingdom,2011-12-06,50307.31,115,136,27191
United Kingdom,2011-12-07,55028.58,88,121,27611
United Kingdom,2011-12-08,78437.9,111,136,32576
United Kingdom,2011-12-09,27345.030000000002,31,41,9534
